<?xml version="1.0"?>
<!--<!DOCTYPE metadata SYSTEM "http://www.esri.com/metadata/esriprof80.dtd">-->
<metadata xml:lang="en"><Esri><CreaDate>20070208</CreaDate><CreaTime>14022400</CreaTime><SyncOnce>TRUE</SyncOnce><MetaID>{87DE7DA5-4633-4125-B647-F4DB2494FEE7}</MetaID></Esri><idinfo><citation><citeinfo><onlink Sync="TRUE">\\DMKIDD\C$\Program Files\NESCent\GeoPhyloBuilder\examples\testdem</onlink></citeinfo></citation></idinfo><distInfo><distributor><distorTran><onLineSrc><linkage Sync="TRUE">file://\\DMKIDD\C$\Program Files\NESCent\GeoPhyloBuilder\examples\testdem</linkage><protocol Sync="TRUE">Local Area Network</protocol></onLineSrc></distorTran></distributor></distInfo><dataqual><lineage><procstep><procdesc Sync="TRUE">Dataset copied.</procdesc><srcused Sync="TRUE">C:\data\dem\globe\testdem</srcused><date Sync="TRUE">20070208</date><time Sync="TRUE">14022400</time></procstep></lineage></dataqual></metadata>
